Project URL,SHA Detected,Module Path,Fully-Qualified Test Name (packageName.ClassName.methodName),Category,Status,PR Link,Notes
https://github.com/abel533/Mapper,3c0b3307011fad53f811e08d05147d94fc6c0d67,base,tk.mybatis.mapper.test.country.TestDeleteByPrimaryKey.testDynamicDelete,OD,Accepted,https://github.com/abel533/Mapper/pull/838,https://github.com/TestingResearchIllinois/idoft/issues/90
https://github.com/abel533/Mapper,3c0b3307011fad53f811e08d05147d94fc6c0d67,base,tk.mybatis.mapper.test.country.TestDeleteByPrimaryKey.testDynamicDeleteEntity,OD,Accepted,https://github.com/abel533/Mapper/pull/838,https://github.com/TestingResearchIllinois/idoft/issues/90
https://github.com/abel533/Mapper,3c0b3307011fad53f811e08d05147d94fc6c0d67,base,tk.mybatis.mapper.test.country.TestDeleteByPrimaryKey.testDynamicDeleteException,OD,Accepted,https://github.com/abel533/Mapper/pull/838,https://github.com/TestingResearchIllinois/idoft/issues/90
https://github.com/abel533/Mapper,3c0b3307011fad53f811e08d05147d94fc6c0d67,base,tk.mybatis.mapper.test.country.TestDeleteByPrimaryKey.testDynamicDeleteMap,OD,Accepted,https://github.com/abel533/Mapper/pull/838,https://github.com/TestingResearchIllinois/idoft/issues/90
https://github.com/alibaba/easyexcel,756f16e42fbd7bc5c7fa18426cbc02fc81a42057,.,com.alibaba.easyexcel.test.core.simple.SimpleDataTest.t03SynchronousRead07,OD,Accepted,https://github.com/alibaba/easyexcel/pull/1684,
https://github.com/alibaba/easyexcel,756f16e42fbd7bc5c7fa18426cbc02fc81a42057,.,com.alibaba.easyexcel.test.core.simple.SimpleDataTest.t04SynchronousRead03,OD,Accepted,https://github.com/alibaba/easyexcel/pull/1684,
https://github.com/alibaba/fastjson,a7f1f5c4ac52503cc95bf1d27498098b3093a0df,.,com.alibaba.fastjson.serializer.TestParse.testParse,OD,Opened,https://github.com/alibaba/fastjson/pull/4458,https://github.com/TestingResearchIllinois/flaky-test-dataset/issues/76;RepoArchived
https://github.com/alibaba/fastjson,e05e9c5e4be580691cc55a59f3256595393203a1,.,com.alibaba.json.bvt.date.DateTest.test_date,OD,Accepted,https://github.com/alibaba/fastjson/pull/2148,RepoArchived
https://github.com/alibaba/fastjson,e05e9c5e4be580691cc55a59f3256595393203a1,.,com.alibaba.json.bvt.date.DateTest_tz.test_codec,OD,Accepted,https://github.com/alibaba/fastjson/pull/2148,RepoArchived
https://github.com/alibaba/fastjson,e05e9c5e4be580691cc55a59f3256595393203a1,.,com.alibaba.json.bvt.issue_1200.Issue1298.test_for_issue,OD,Accepted,https://github.com/alibaba/fastjson/pull/2148,RepoArchived
https://github.com/alibaba/fastjson,e05e9c5e4be580691cc55a59f3256595393203a1,.,com.alibaba.json.bvt.issue_1200.Issue1298.test_for_issue_1,OD,Accepted,https://github.com/alibaba/fastjson/pull/2148,RepoArchived
https://github.com/alibaba/fastjson,e05e9c5e4be580691cc55a59f3256595393203a1,.,com.alibaba.json.bvt.issue_1600.Issue1679.test_for_issue,OD,Accepted,https://github.com/alibaba/fastjson/pull/2148,RepoArchived
https://github.com/alibaba/fastjson,e05e9c5e4be580691cc55a59f3256595393203a1,.,com.alibaba.json.bvt.issue_1900.Issue1977.test_for_issue,OD,Accepted,https://github.com/alibaba/fastjson/pull/2148,RepoArchived
https://github.com/alibaba/fastjson,e05e9c5e4be580691cc55a59f3256595393203a1,.,com.alibaba.json.bvt.parser.DefaultExtJSONParser_parseArray.test_7,OD,Accepted,https://github.com/alibaba/fastjson/pull/3291,RepoArchived
https://github.com/alibaba/fastjson,e05e9c5e4be580691cc55a59f3256595393203a1,.,com.alibaba.json.bvt.parser.DefaultExtJSONParser_parseArray.test_8,OD,Accepted,https://github.com/alibaba/fastjson/pull/3291,RepoArchived
https://github.com/alibaba/fastjson,e05e9c5e4be580691cc55a59f3256595393203a1,.,com.alibaba.json.bvt.serializer.date.DateTest4_indian.test_date,OD,Accepted,https://github.com/alibaba/fastjson/pull/2148,RepoArchived
https://github.com/alibaba/fastjson,e05e9c5e4be580691cc55a59f3256595393203a1,.,com.alibaba.json.bvt.serializer.date.DateTest5_iso8601.test_date,OD,Accepted,https://github.com/alibaba/fastjson/pull/2148,RepoArchived
https://github.com/alibaba/fastjson,e05e9c5e4be580691cc55a59f3256595393203a1,.,com.alibaba.json.bvt.serializer.JSONSerializerTest2.test_0,OD,Accepted,https://github.com/alibaba/fastjson/pull/2133,RepoArchived
https://github.com/alibaba/fastjson,e05e9c5e4be580691cc55a59f3256595393203a1,.,com.alibaba.json.bvt.serializer.MaxBufSizeTest.test_max_buf,OD,Opened,https://github.com/alibaba/fastjson/pull/2291,RepoArchived
https://github.com/alibaba/Sentinel,7e2fa454fa0546c04142a268454faabac79370d0,sentinel-core,com.alibaba.csp.sentinel.config.SentinelConfigTest.testDefaultConfig,OD,Accepted,https://github.com/alibaba/Sentinel/pull/1859,
https://github.com/alibaba/Sentinel,7e2fa454fa0546c04142a268454faabac79370d0,sentinel-core,com.alibaba.csp.sentinel.TracerTest.setExceptionsToIgnore,OD,Accepted,https://github.com/alibaba/Sentinel/pull/1859,
https://github.com/alibaba/Sentinel,7e2fa454fa0546c04142a268454faabac79370d0,sentinel-core,com.alibaba.csp.sentinel.TracerTest.setExceptionsToTrace,OD,Accepted,https://github.com/alibaba/Sentinel/pull/1859,
https://github.com/alibaba/spring-cloud-alibaba,add08b6822cb7cf6b2a429dd30b0ed0e49a7db49,spring-cloud-alibaba-starters/spring-cloud-starter-alibaba-nacos-config,com.alibaba.cloud.nacos.configdata.NacosConfigDataLocationResolverTest.testDataIdMustBeSpecified,OD,Opened,https://github.com/alibaba/spring-cloud-alibaba/pull/3498,
https://github.com/alibaba/spring-cloud-alibaba,add08b6822cb7cf6b2a429dd30b0ed0e49a7db49,spring-cloud-alibaba-starters/spring-cloud-starter-alibaba-nacos-config,com.alibaba.cloud.nacos.configdata.NacosConfigDataLocationResolverTest.testInvalidDataId,OD,Opened,https://github.com/alibaba/spring-cloud-alibaba/pull/3498,
https://github.com/alibaba/spring-cloud-alibaba,add08b6822cb7cf6b2a429dd30b0ed0e49a7db49,spring-cloud-alibaba-starters/spring-cloud-starter-alibaba-nacos-config,com.alibaba.cloud.nacos.configdata.NacosConfigDataLocationResolverTest.testResolveProfileSpecific_givenNothing_thenReturnDefaultProfile,OD,Opened,https://github.com/alibaba/spring-cloud-alibaba/pull/3498,
https://github.com/alibaba/spring-cloud-alibaba,add08b6822cb7cf6b2a429dd30b0ed0e49a7db49,spring-cloud-alibaba-starters/spring-cloud-starter-alibaba-nacos-config,com.alibaba.cloud.nacos.configdata.NacosConfigDataLocationResolverTest.testStartWithASlashIsOK,OD,Opened,https://github.com/alibaba/spring-cloud-alibaba/pull/3498,
https://github.com/alibaba/spring-cloud-alibaba,add08b6822cb7cf6b2a429dd30b0ed0e49a7db49,spring-cloud-alibaba-starters/spring-cloud-starter-alibaba-nacos-config,com.alibaba.cloud.nacos.configdata.NacosConfigDataLocationResolverTest.testUrisInLocationShouldOverridesProperty,OD,Opened,https://github.com/alibaba/spring-cloud-alibaba/pull/3498,
https://github.com/alibaba/spring-cloud-alibaba,add08b6822cb7cf6b2a429dd30b0ed0e49a7db49,spring-cloud-alibaba-starters/spring-cloud-starter-alibaba-nacos-config,com.alibaba.cloud.nacos.configdata.NacosConfigDataLocationResolverTest.whenCustomizeSuffix_thenOverrideDefault,OD,Opened,https://github.com/alibaba/spring-cloud-alibaba/pull/3498,
https://github.com/alibaba/spring-cloud-alibaba,add08b6822cb7cf6b2a429dd30b0ed0e49a7db49,spring-cloud-alibaba-starters/spring-cloud-starter-alibaba-nacos-config,com.alibaba.cloud.nacos.configdata.NacosConfigDataLocationResolverTest.whenNoneInBootstrapContext_thenCreateNewConfigClientProperties,OD,Opened,https://github.com/alibaba/spring-cloud-alibaba/pull/3498,
https://github.com/alien4cloud/alien4cloud,eb57d0feca6c37e0a4aafc3feef494e43e02ecda,alien4cloud-security,alien4cloud.security.LdapAuthenticationProviderTest.testLdapUserImport,OD,Accepted,https://github.com/alien4cloud/alien4cloud/pull/182,
https://github.com/apache/archiva,292dbe1bb4323dd299d36b78f37d9c1d55c889f8,archiva-modules/archiva-base/archiva-repository-layer,org.apache.archiva.repository.base.managed.BasicManagedRepositoryValidatorTest.apply,OD,Accepted,https://github.com/apache/archiva/pull/82,RepoArchived
https://github.com/apache/archiva,292dbe1bb4323dd299d36b78f37d9c1d55c889f8,archiva-modules/archiva-base/archiva-repository-layer,org.apache.archiva.repository.base.managed.BasicManagedRepositoryValidatorTest.applyForUpdate,OD,Accepted,https://github.com/apache/archiva/pull/82,RepoArchived
https://github.com/apache/archiva,292dbe1bb4323dd299d36b78f37d9c1d55c889f8,archiva-modules/archiva-base/archiva-repository-layer,org.apache.archiva.repository.base.managed.BasicManagedRepositoryValidatorTest.applyUpdateWithExistingRepo,OD,Accepted,https://github.com/apache/archiva/pull/82,RepoArchived
https://github.com/apache/archiva,292dbe1bb4323dd299d36b78f37d9c1d55c889f8,archiva-modules/archiva-base/archiva-repository-layer,org.apache.archiva.repository.base.managed.BasicManagedRepositoryValidatorTest.applyWithBadName,OD,Accepted,https://github.com/apache/archiva/pull/82,RepoArchived
https://github.com/apache/archiva,292dbe1bb4323dd299d36b78f37d9c1d55c889f8,archiva-modules/archiva-base/archiva-repository-layer,org.apache.archiva.repository.base.managed.BasicManagedRepositoryValidatorTest.applyWithBadSchedulingExpression,OD,Accepted,https://github.com/apache/archiva/pull/82,RepoArchived
https://github.com/apache/archiva,292dbe1bb4323dd299d36b78f37d9c1d55c889f8,archiva-modules/archiva-base/archiva-repository-layer,org.apache.archiva.repository.base.managed.BasicManagedRepositoryValidatorTest.applyWithEmptyId,OD,Accepted,https://github.com/apache/archiva/pull/82,RepoArchived
https://github.com/apache/archiva,292dbe1bb4323dd299d36b78f37d9c1d55c889f8,archiva-modules/archiva-base/archiva-repository-layer,org.apache.archiva.repository.base.managed.BasicManagedRepositoryValidatorTest.applyWithExistingRepo,OD,Accepted,https://github.com/apache/archiva/pull/82,RepoArchived
https://github.com/apache/archiva,292dbe1bb4323dd299d36b78f37d9c1d55c889f8,archiva-modules/archiva-base/archiva-repository-layer,org.apache.archiva.repository.base.managed.BasicManagedRepositoryValidatorTest.applyWithNullObject,OD,Accepted,https://github.com/apache/archiva/pull/82,RepoArchived
https://github.com/apache/archiva,292dbe1bb4323dd299d36b78f37d9c1d55c889f8,archiva-modules/archiva-base/archiva-repository-layer,org.apache.archiva.repository.base.managed.BasicManagedRepositoryValidatorTest.getFlavour,OD,Accepted,https://github.com/apache/archiva/pull/82,RepoArchived
https://github.com/apache/archiva,292dbe1bb4323dd299d36b78f37d9c1d55c889f8,archiva-modules/archiva-base/archiva-repository-layer,org.apache.archiva.repository.base.managed.BasicManagedRepositoryValidatorTest.isFlavour,OD,Accepted,https://github.com/apache/archiva/pull/82,RepoArchived
https://github.com/apache/dubbo,737f7a7ea67832d7f17517326fb2491d0a086dd7,dubbo-common,org.apache.dubbo.common.threadpool.support.eager.TaskQueueTest.testOffer2,OD,Accepted,https://github.com/apache/dubbo/pull/14896,https://github.com/TestingResearchIllinois/idoft/issues/5
https://github.com/apache/dubbo,737f7a7ea67832d7f17517326fb2491d0a086dd7,dubbo-common,org.apache.dubbo.common.threadpool.support.eager.TaskQueueTest.testOffer3,OD,Accepted,https://github.com/apache/dubbo/pull/14896,https://github.com/TestingResearchIllinois/idoft/issues/5
https://github.com/apache/dubbo,737f7a7ea67832d7f17517326fb2491d0a086dd7,dubbo-common,org.apache.dubbo.common.threadpool.support.eager.TaskQueueTest.testOffer4,OD,Accepted,https://github.com/apache/dubbo/pull/14896,https://github.com/TestingResearchIllinois/idoft/issues/5
https://github.com/apache/dubbo,737f7a7ea67832d7f17517326fb2491d0a086dd7,dubbo-common,org.apache.dubbo.common.utils.DubboAppenderTest.testAppend,OD,Accepted,https://github.com/apache/dubbo/pull/14900,https://github.com/TestingResearchIllinois/idoft/issues/5
https://github.com/apache/dubbo,737f7a7ea67832d7f17517326fb2491d0a086dd7,dubbo-registry/dubbo-registry-default,org.apache.dubbo.registry.dubbo.RegistryProtocolTest.testDestoryRegistry,OD,Accepted,https://github.com/apache/dubbo/pull/3849,
https://github.com/apache/dubbo,737f7a7ea67832d7f17517326fb2491d0a086dd7,dubbo-registry/dubbo-registry-default,org.apache.dubbo.registry.dubbo.RegistryProtocolTest.testNotifyOverride,OD,Accepted,https://github.com/apache/dubbo/pull/3849,
https://github.com/apache/dubbo,737f7a7ea67832d7f17517326fb2491d0a086dd7,dubbo-registry/dubbo-registry-default,org.apache.dubbo.registry.dubbo.RegistryProtocolTest.testNotifyOverride_notmatch,OD,Accepted,https://github.com/apache/dubbo/pull/3849,
https://github.com/apache/hadoop,a585a73c3e02ac62350c136643a5e7f6095a3dbb,hadoop-hdfs-project/hadoop-hdfs-nfs,org.apache.hadoop.hdfs.nfs.nfs3.TestRpcProgramNfs3.testEncryptedReadWrite,OD,Accepted,https://github.com/apache/hadoop/pull/6329,
https://github.com/apache/hadoop,cc2babc1f75c93bf89a8f10da525f944c15d02ea,hadoop-yarn-project/hadoop-yarn/hadoop-yarn-registry,org.apache.hadoop.registry.client.binding.TestRegistryOperationUtils.testUsernameExtractionEnvVarOverrride,OD,Opened,https://github.com/apache/hadoop/pull/3656,
https://github.com/apache/hadoop,cc2babc1f75c93bf89a8f10da525f944c15d02ea,hadoop-yarn-project/hadoop-yarn/hadoop-yarn-server/hadoop-yarn-server-timeline-pluginstorage,org.apache.hadoop.yarn.server.timeline.TestEntityGroupFSTimelineStore.testCleanLogs,OD,Opened,https://github.com/apache/hadoop/pull/438,
https://github.com/apache/incubator-ratis,bc9d7615d8ffa30e79a36b9fd1950af38f0f6a49,ratis-server,org.apache.ratis.server.impl.TestRetryCacheMetrics.testRetryCacheEntryCount,OD,Accepted,https://github.com/apache/incubator-ratis/pull/321,https://github.com/TestingResearchIllinois/flaky-test-dataset/issues/48
https://github.com/apache/incubator-ratis,bc9d7615d8ffa30e79a36b9fd1950af38f0f6a49,ratis-server,org.apache.ratis.server.metrics.TestLeaderElectionMetrics.testOnLeaderElectionCompletion,OD,Accepted,https://github.com/apache/incubator-ratis/pull/321,https://github.com/TestingResearchIllinois/flaky-test-dataset/issues/48
https://github.com/apache/jackrabbit-oak,11985b3fbbd4f7f39dfaf368b01b5e0c67a32f0d,oak-core,org.apache.jackrabbit.oak.plugins.index.property.OrderedPropertyIndexProviderTest.multipleQueryRuns,OD,Opened,https://github.com/apache/jackrabbit-oak/pull/1220,
https://github.com/apache/jackrabbit-oak,11985b3fbbd4f7f39dfaf368b01b5e0c67a32f0d,oak-core,org.apache.jackrabbit.oak.plugins.index.property.OrderedPropertyIndexProviderTest.singleQueryRun,OD,Opened,https://github.com/apache/jackrabbit-oak/pull/1220,
https://github.com/apache/karaf,b368a87cba0f0e235d5dae72fd6c3559b50fb75c,.,org.apache.karaf.main.MainLockingTest.testLostMasterLockAfterThreshold,OD,Accepted,https://github.com/apache/karaf/pull/1792,
https://github.com/apache/shardingsphere-elasticjob,b022898ef1b8c984e17efb2a422ee45f6b13e46e,elastic-job-lite-core,io.elasticjob.lite.internal.instance.TriggerListenerManagerTest.assertTriggerWhenJobIsNotRunning,OD,Accepted,https://github.com/apache/shardingsphere-elasticjob/pull/625,
https://github.com/apache/shardingsphere-elasticjob,b022898ef1b8c984e17efb2a422ee45f6b13e46e,elastic-job-lite-core,io.elasticjob.lite.internal.sharding.ShardingListenerManagerTest.assertListenServersChangedJobListenerWhenIsInstanceChangeButJobInstanceIsShutdown,OD,Accepted,https://github.com/apache/shardingsphere-elasticjob/pull/592,
https://github.com/apache/shenyu,10375c5204c67f9889235f19fe2d6e8eb0438a5a,shenyu-client/shenyu-client-http/shenyu-client-springmvc,org.apache.shenyu.client.springmvc.init.SpringMvcClientEventListenerTest.testNormalBeanProcess,OD,Accepted,https://github.com/apache/shenyu/pull/4252,
https://github.com/apache/shenyu,10375c5204c67f9889235f19fe2d6e8eb0438a5a,shenyu-client/shenyu-client-http/shenyu-client-springmvc,org.apache.shenyu.client.springmvc.init.SpringMvcClientEventListenerTest.testOnApplicationEventError,OD,Accepted,https://github.com/apache/shenyu/pull/4252,
https://github.com/apache/shenyu,10375c5204c67f9889235f19fe2d6e8eb0438a5a,shenyu-client/shenyu-client-http/shenyu-client-springmvc,org.apache.shenyu.client.springmvc.init.SpringMvcClientEventListenerTest.testShenyuBeanProcess,OD,Accepted,https://github.com/apache/shenyu/pull/4252,
https://github.com/apache/shenyu,10375c5204c67f9889235f19fe2d6e8eb0438a5a,shenyu-client/shenyu-client-http/shenyu-client-springmvc,org.apache.shenyu.client.springmvc.init.SpringMvcClientEventListenerTest.testWithShenyuClientAnnotation,OD,Accepted,https://github.com/apache/shenyu/pull/4252,
https://github.com/apache/skywalking,edf0bce37f682c093d1ea5bcca0a6d2d1ecc2cc4,apm-commons/apm-datacarrier,org.apache.skywalking.apm.commons.datacarrier.consumer.testConsumerLessThanChannel,OD,Accepted,https://github.com/apache/skywalking/pull/5846,
https://github.com/apache/skywalking,edf0bce37f682c093d1ea5bcca0a6d2d1ecc2cc4,apm-commons/apm-datacarrier,org.apache.skywalking.apm.commons.datacarrier.consumer.testConsumerMoreThanChannel,OD,Accepted,https://github.com/apache/skywalking/pull/5846,
https://github.com/CloudSlang/cloud-slang,48923570780dd096e0cf17ef657b6b1fdc50dc31,cloudslang-entities,io.cloudslang.fortest.SensitiveValueTest.testEncryptedStringSensitiveValue,OD,Opened,https://github.com/CloudSlang/cloud-slang/pull/1427,https://github.com/TestingResearchIllinois/flaky-test-dataset/issues/79
https://github.com/CloudSlang/cloud-slang,48923570780dd096e0cf17ef657b6b1fdc50dc31,cloudslang-entities,io.cloudslang.fortest.SensitiveValueTest.testEncryptedStringSensitiveValuePreEncrypted,OD,Opened,https://github.com/CloudSlang/cloud-slang/pull/1427,https://github.com/TestingResearchIllinois/flaky-test-dataset/issues/79
https://github.com/CloudSlang/cloud-slang,48923570780dd096e0cf17ef657b6b1fdc50dc31,cloudslang-entities,io.cloudslang.fortest.SensitiveValueTest.testSensitiveValueEncryptDecrypt,OD,Opened,https://github.com/CloudSlang/cloud-slang/pull/1427,https://github.com/TestingResearchIllinois/flaky-test-dataset/issues/79
https://github.com/ConsenSys/tessera,ecdd1a2ce6412c11a8ae722d7a4527a4a66da688,tessera-partyinfo,com.quorum.tessera.discovery.DiscoveryFactoryTest.defaultConstructor,OD,Accepted,https://github.com/ConsenSys/tessera/pull/1194,https://github.com/TestingResearchIllinois/flaky-test-dataset/issues/42
https://github.com/ConsenSys/tessera,ecdd1a2ce6412c11a8ae722d7a4527a4a66da688,tessera-partyinfo,com.quorum.tessera.discovery.DiscoveryFactoryTest.provideAutoDiscovery,OD,Accepted,https://github.com/ConsenSys/tessera/pull/1194,https://github.com/TestingResearchIllinois/flaky-test-dataset/issues/42
https://github.com/ConsenSys/tessera,ecdd1a2ce6412c11a8ae722d7a4527a4a66da688,tessera-partyinfo,com.quorum.tessera.discovery.DiscoveryFactoryTest.provideDisabledAutoDiscovery,OD,Accepted,https://github.com/ConsenSys/tessera/pull/1194,https://github.com/TestingResearchIllinois/flaky-test-dataset/issues/42
https://github.com/ConsenSys/tessera,ecdd1a2ce6412c11a8ae722d7a4527a4a66da688,eclipselink-utils,com.quorum.tessera.eclipselink.AtomicLongSequenceTest.customisedWithDbLogin,OD,Accepted,https://github.com/ConsenSys/tessera/pull/1193,https://github.com/TestingResearchIllinois/flaky-test-dataset/issues/42
https://github.com/ConsenSys/tessera,ecdd1a2ce6412c11a8ae722d7a4527a4a66da688,eclipselink-utils,com.quorum.tessera.eclipselink.AtomicLongSequenceTest.customisedWithNullDbLogin,OD,Accepted,https://github.com/ConsenSys/tessera/pull/1193,https://github.com/TestingResearchIllinois/flaky-test-dataset/issues/42
https://github.com/ConsenSys/tessera,ecdd1a2ce6412c11a8ae722d7a4527a4a66da688,eclipselink-utils,com.quorum.tessera.eclipselink.AtomicLongSequenceTest.onDisconnectDoesNothing,OD,Accepted,https://github.com/ConsenSys/tessera/pull/1193,https://github.com/TestingResearchIllinois/flaky-test-dataset/issues/42
https://github.com/dromara/hutool,12969f248329f81f76eb5bece8c718ac1c63f7b1,hutool-core,cn.hutool.core.text.StrJoinerTest.joinMultiArrayTest,OD,Accepted,https://github.com/dromara/hutool/pull/1883,
https://github.com/dromara/hutool,12969f248329f81f76eb5bece8c718ac1c63f7b1,hutool-core,cn.hutool.core.util.JAXBUtilTest.beanToXmlTest,OD,Accepted,https://github.com/dromara/hutool/pull/1851,
https://github.com/dromara/hutool,12969f248329f81f76eb5bece8c718ac1c63f7b1,hutool-json,cn.hutool.json.xml.XMLTest.toXmlTest,OD,Accepted,https://github.com/dromara/hutool/pull/1874,
https://github.com/FasterXML/jackson-databind,9b11650a6c3fee9ef9e3fb264d2244f65affc2ee,.,com.fasterxml.jackson.databind.introspect.TestNamingStrategyStd.testUpperSnakeCaseTranslations,OD,Accepted,https://github.com/FasterXML/jackson-databind/pull/3315,
https://github.com/FasterXML/jackson-dataformat-xml,2d08f8d0b0248a00c2c79b9a07e936b3287edb07,.,com.fasterxml.jackson.dataformat.xml.jaxb.AttributesWithJAXBTest.testTwoAttributes,OD,Accepted,https://github.com/FasterXML/jackson-dataformat-xml/pull/499,
https://github.com/FasterXML/jackson-dataformat-xml,2d08f8d0b0248a00c2c79b9a07e936b3287edb07,.,com.fasterxml.jackson.dataformat.xml.jaxb.WithJAXBAnnotationsTest.testPersonAsXml,OD,Accepted,https://github.com/FasterXML/jackson-dataformat-xml/pull/499,
https://github.com/FasterXML/jackson-dataformat-xml,2d08f8d0b0248a00c2c79b9a07e936b3287edb07,.,com.fasterxml.jackson.dataformat.xml.lists.Issue101UnwrappedListAttributesTest.testWithTwoAttributes,OD,Accepted,https://github.com/FasterXML/jackson-dataformat-xml/pull/499,
https://github.com/FasterXML/jackson-dataformat-xml,2d08f8d0b0248a00c2c79b9a07e936b3287edb07,.,com.fasterxml.jackson.dataformat.xml.lists.ListAnnotationSharingTest.testAnnotationSharing,OD,Accepted,https://github.com/FasterXML/jackson-dataformat-xml/pull/499,
https://github.com/FasterXML/jackson-dataformat-xml,2d08f8d0b0248a00c2c79b9a07e936b3287edb07,.,com.fasterxml.jackson.dataformat.xml.misc.UnwrappingWithXMLTest.testUnwrappingWithAttribute,OD,Accepted,https://github.com/FasterXML/jackson-dataformat-xml/pull/499,
https://github.com/FasterXML/jackson-dataformat-xml,2d08f8d0b0248a00c2c79b9a07e936b3287edb07,.,com.fasterxml.jackson.dataformat.xml.ser.TestIndentation.testMultiLevel172,OD,Accepted,https://github.com/FasterXML/jackson-dataformat-xml/pull/499,
https://github.com/FasterXML/jackson-dataformat-xml,2d08f8d0b0248a00c2c79b9a07e936b3287edb07,.,com.fasterxml.jackson.dataformat.xml.ser.TestJDKSerializability.testMapper,OD,Accepted,https://github.com/FasterXML/jackson-dataformat-xml/pull/499,
https://github.com/FasterXML/jackson-dataformat-xml,2d08f8d0b0248a00c2c79b9a07e936b3287edb07,.,com.fasterxml.jackson.dataformat.xml.ser.TestSerializationAttr.testIssue6,OD,Accepted,https://github.com/FasterXML/jackson-dataformat-xml/pull/499,
https://github.com/gooddata/GoodData-CL,58728ec3e57ea9a4d689f38b0b385e8724af618c,connector,com.gooddata.csv.DataTypeGuessTest.testIsDate,OD,Opened,https://github.com/gooddata/GoodData-CL/pull/145,RepoDeleted
https://github.com/jenkinsci/remoting,abf0455a68ad6c52a57e912bb89d51f883f77542,.,hudson.remoting.ClassFilterTest.transport_chunking,OD,Opened,https://github.com/jenkinsci/remoting/pull/706,https://github.com/TestingResearchIllinois/flaky-test-dataset/issues/82
https://github.com/jenkinsci/remoting,abf0455a68ad6c52a57e912bb89d51f883f77542,.,hudson.remoting.ClassFilterTest.transport_nio,OD,Opened,https://github.com/jenkinsci/remoting/pull/706,https://github.com/TestingResearchIllinois/flaky-test-dataset/issues/82
https://github.com/jenkinsci/remoting,abf0455a68ad6c52a57e912bb89d51f883f77542,.,hudson.remoting.ClassFilterTest.transport_non_chunking,OD,Opened,https://github.com/jenkinsci/remoting/pull/706,https://github.com/TestingResearchIllinois/flaky-test-dataset/issues/82
https://github.com/jenkinsci/remoting,abf0455a68ad6c52a57e912bb89d51f883f77542,.,hudson.remoting.ClassFilterTest.userRequest,OD,Opened,https://github.com/jenkinsci/remoting/pull/706,https://github.com/TestingResearchIllinois/flaky-test-dataset/issues/82
https://github.com/jenkinsci/remoting,abf0455a68ad6c52a57e912bb89d51f883f77542,.,hudson.remoting.ClassFilterTest.userRequest_singleClassLoader,OD,Opened,https://github.com/jenkinsci/remoting/pull/706,https://github.com/TestingResearchIllinois/flaky-test-dataset/issues/82
https://github.com/jenkinsci/remoting,abf0455a68ad6c52a57e912bb89d51f883f77542,.,hudson.remoting.DefaultClassFilterTest.testDefaultsNoOverride,OD,Opened,https://github.com/jenkinsci/remoting/pull/706,https://github.com/TestingResearchIllinois/flaky-test-dataset/issues/82
https://github.com/jenkinsci/remoting,abf0455a68ad6c52a57e912bb89d51f883f77542,.,hudson.remoting.DefaultClassFilterTest.testDefaultsOverrideExists,OD,Opened,https://github.com/jenkinsci/remoting/pull/706,https://github.com/TestingResearchIllinois/flaky-test-dataset/issues/82
https://github.com/jenkinsci/remoting,abf0455a68ad6c52a57e912bb89d51f883f77542,.,hudson.remoting.DiagnosedStreamCorruptionExceptionTest.blockingStreamShouldNotPreventDiagnosis,OD,Opened,https://github.com/jenkinsci/remoting/pull/706,https://github.com/TestingResearchIllinois/flaky-test-dataset/issues/82
https://github.com/jenkinsci/remoting,abf0455a68ad6c52a57e912bb89d51f883f77542,.,hudson.remoting.DiagnosedStreamCorruptionExceptionTest.exercise,OD,Opened,https://github.com/jenkinsci/remoting/pull/706,https://github.com/TestingResearchIllinois/flaky-test-dataset/issues/82
https://github.com/jnr/jnr-posix,dbda72ce198a8dd766c30c591d63d726d2a28a7c,.,jnr.posix.GroupTest.getgroups,OD,Accepted,https://github.com/jnr/jnr-posix/pull/185,https://github.com/TestingResearchIllinois/flaky-test-dataset/issues/84
https://github.com/jnr/jnr-posix,dbda72ce198a8dd766c30c591d63d726d2a28a7c,.,jnr.posix.NlLanginfoTest.testNlLanginfo,OD,Accepted,https://github.com/jnr/jnr-posix/pull/185,https://github.com/TestingResearchIllinois/flaky-test-dataset/issues/84
https://github.com/jnr/jnr-posix,dbda72ce198a8dd766c30c591d63d726d2a28a7c,.,jnr.posix.SpawnTest.closeInput,OD,Accepted,https://github.com/jnr/jnr-posix/pull/185,https://github.com/TestingResearchIllinois/flaky-test-dataset/issues/84
https://github.com/jnr/jnr-posix,dbda72ce198a8dd766c30c591d63d726d2a28a7c,.,jnr.posix.SpawnTest.inputPipe,OD,Accepted,https://github.com/jnr/jnr-posix/pull/185,https://github.com/TestingResearchIllinois/flaky-test-dataset/issues/84
https://github.com/jnr/jnr-posix,dbda72ce198a8dd766c30c591d63d726d2a28a7c,.,jnr.posix.SpawnTest.outputPipe,OD,Accepted,https://github.com/jnr/jnr-posix/pull/185,https://github.com/TestingResearchIllinois/flaky-test-dataset/issues/84
https://github.com/jnr/jnr-posix,dbda72ce198a8dd766c30c591d63d726d2a28a7c,.,jnr.posix.SpawnTest.validPid,OD,Accepted,https://github.com/jnr/jnr-posix/pull/185,https://github.com/TestingResearchIllinois/flaky-test-dataset/issues/84
https://github.com/kubernetes-client/java,e19a0ecbc9af258c43b486843df139c8ec8f117e,spring,io.kubernetes.client.spring.extended.controller.KubernetesInformerCreatorTest.testInformerInjection,OD,Accepted,https://github.com/kubernetes-client/java/pull/2897,https://github.com/TestingResearchIllinois/flaky-test-dataset/issues/85
https://github.com/networknt/light-4j,fcded1683dcbd41a968e221494778aa6b71e7428,consul,com.networknt.consul.ConsulRegistryTest.discoverService,OD,Accepted,https://github.com/networknt/light-4j/pull/857,https://github.com/TestingResearchIllinois/flaky-test-dataset/issues/73
https://github.com/networknt/light-4j,fcded1683dcbd41a968e221494778aa6b71e7428,consul,com.networknt.consul.ConsulRegistryTest.doRegisterAndAvailable,OD,Accepted,https://github.com/networknt/light-4j/pull/857,https://github.com/TestingResearchIllinois/flaky-test-dataset/issues/73
https://github.com/networknt/light-4j,fcded1683dcbd41a968e221494778aa6b71e7428,correlation,com.networknt.correlation.CorrelationHandlerTest.testGetWithoutTid,OD,Accepted,https://github.com/networknt/light-4j/pull/2013,https://github.com/TestingResearchIllinois/flaky-test-dataset/issues/73
https://github.com/networknt/light-4j,fcded1683dcbd41a968e221494778aa6b71e7428,handler,com.networknt.handler.HandlerTest.validConfig_init_handlersCreated,OD,Accepted,https://github.com/networknt/light-4j/pull/1996,https://github.com/TestingResearchIllinois/flaky-test-dataset/issues/73
https://github.com/networknt/light-4j,fcded1683dcbd41a968e221494778aa6b71e7428,portal-registry,com.networknt.portal.registry.PortalRegistryTest.discoverService,OD,Accepted,https://github.com/networknt/light-4j/pull/857,https://github.com/TestingResearchIllinois/flaky-test-dataset/issues/73
https://github.com/networknt/light-4j,fcded1683dcbd41a968e221494778aa6b71e7428,portal-registry,com.networknt.portal.registry.PortalRegistryTest.doRegisterAndAvailable,OD,Accepted,https://github.com/networknt/light-4j/pull/857,https://github.com/TestingResearchIllinois/flaky-test-dataset/issues/73
https://github.com/networknt/light-4j,fcded1683dcbd41a968e221494778aa6b71e7428,metrics,io.dropwizard.metrics.SharedMetricRegistriesTest.hasASetOfNames,OD,Accepted,https://github.com/networknt/light-4j/pull/856,https://github.com/TestingResearchIllinois/flaky-test-dataset/issues/73
https://github.com/networknt/light-4j,fcded1683dcbd41a968e221494778aa6b71e7428,metrics,io.dropwizard.metrics.SharedMetricRegistriesTest.removesRegistries,OD,Accepted,https://github.com/networknt/light-4j/pull/856,https://github.com/TestingResearchIllinois/flaky-test-dataset/issues/73
https://github.com/pholser/junit-quickcheck,9361b6dae25b193782604d071754eb7fc566390a,guava,com.pholser.junit.quickcheck.guava.generator.FunctionPropertyParameterTypesTest.arrayOfFunction,OD,Accepted,https://github.com/pholser/junit-quickcheck/pull/257,
https://github.com/pinterest/secor,a76fe9fedfa0571347d0b5465b3c40c83dd3c949,.,com.pinterest.secor.io.FileReaderWriterFactoryTest.testSequenceFileReader,OD,Opened,https://github.com/pinterest/secor/pull/2752,
https://github.com/pinterest/secor,a76fe9fedfa0571347d0b5465b3c40c83dd3c949,.,com.pinterest.secor.io.FileReaderWriterFactoryTest.testSequenceFileWriter,OD,Opened,https://github.com/pinterest/secor/pull/2752,
https://github.com/rest-assured/rest-assured,bbede9fff77d4f1b751cdada0bdf8fe8d928919a,spring-web-test-client,io.restassured.module.webtestclient.WebTestClientSpecificationMergingTest.web_test_client_factory_is_not_overwritten_when_not_defined_in_specification,OD,Accepted,https://github.com/rest-assured/rest-assured/pull/1424,
https://github.com/Thomas-S-B/visualee,88732d9dbe5031dad9c9f85a4c4b35e5f1551f95,visualee,de.strullerbaumann.visualee.dependency.boundary.DependencyContainerTest.testFindAllDependenciesWith,OD,Opened,https://github.com/Thomas-S-B/visualee/pull/8,https://github.com/TestingResearchIllinois/flaky-test-dataset/issues/100
https://github.com/Thomas-S-B/visualee,88732d9dbe5031dad9c9f85a4c4b35e5f1551f95,visualee,de.strullerbaumann.visualee.dependency.boundary.DependencyContainerTest.testGetRelevantClassesDirectlyConnected,OD,Opened,https://github.com/Thomas-S-B/visualee/pull/8,https://github.com/TestingResearchIllinois/flaky-test-dataset/issues/100
https://github.com/Thomas-S-B/visualee,88732d9dbe5031dad9c9f85a4c4b35e5f1551f95,visualee,de.strullerbaumann.visualee.dependency.boundary.DependencyContainerTest.testGetRelevantClassesFilter,OD,Opened,https://github.com/Thomas-S-B/visualee/pull/8,https://github.com/TestingResearchIllinois/flaky-test-dataset/issues/100
https://github.com/Thomas-S-B/visualee,88732d9dbe5031dad9c9f85a4c4b35e5f1551f95,visualee,de.strullerbaumann.visualee.examiner.cdi.ExaminerEJBTest.testFindAndSetAttributesEJBSetterWithAnnotations,OD,Opened,https://github.com/Thomas-S-B/visualee/pull/8,https://github.com/TestingResearchIllinois/flaky-test-dataset/issues/100
https://github.com/Thomas-S-B/visualee,88732d9dbe5031dad9c9f85a4c4b35e5f1551f95,visualee,de.strullerbaumann.visualee.examiner.cdi.ExaminerEJBTest.testFindAndSetAttributesEJBWithParameter,OD,Opened,https://github.com/Thomas-S-B/visualee/pull/8,https://github.com/TestingResearchIllinois/flaky-test-dataset/issues/100
https://github.com/Thomas-S-B/visualee,88732d9dbe5031dad9c9f85a4c4b35e5f1551f95,visualee,de.strullerbaumann.visualee.examiner.cdi.ExaminerEJBTest.testFindAndSetAttributesSetEJB,OD,Opened,https://github.com/Thomas-S-B/visualee/pull/8,https://github.com/TestingResearchIllinois/flaky-test-dataset/issues/100
https://github.com/Thomas-S-B/visualee,88732d9dbe5031dad9c9f85a4c4b35e5f1551f95,visualee,de.strullerbaumann.visualee.examiner.cdi.ExaminerEJBTest.testFindAndSetAttributesSetEJBPackageView,OD,Opened,https://github.com/Thomas-S-B/visualee/pull/8,https://github.com/TestingResearchIllinois/flaky-test-dataset/issues/100
https://github.com/Thomas-S-B/visualee,88732d9dbe5031dad9c9f85a4c4b35e5f1551f95,visualee,de.strullerbaumann.visualee.examiner.cdi.ExaminerEventTest.testFindAndSetAttributesSetInstance,OD,Opened,https://github.com/Thomas-S-B/visualee/pull/8,https://github.com/TestingResearchIllinois/flaky-test-dataset/issues/100
https://github.com/Thomas-S-B/visualee,88732d9dbe5031dad9c9f85a4c4b35e5f1551f95,visualee,de.strullerbaumann.visualee.examiner.cdi.ExaminerEventTest.testFindEvents,OD,Opened,https://github.com/Thomas-S-B/visualee/pull/8,https://github.com/TestingResearchIllinois/flaky-test-dataset/issues/100
https://github.com/Thomas-S-B/visualee,88732d9dbe5031dad9c9f85a4c4b35e5f1551f95,visualee,de.strullerbaumann.visualee.examiner.cdi.ExaminerInjectTest.testFindAndSetAttributesInjectSetterWithAnnotations,OD,Opened,https://github.com/Thomas-S-B/visualee/pull/8,https://github.com/TestingResearchIllinois/flaky-test-dataset/issues/100
https://github.com/Thomas-S-B/visualee,88732d9dbe5031dad9c9f85a4c4b35e5f1551f95,visualee,de.strullerbaumann.visualee.examiner.cdi.ExaminerInjectTest.testFindAndSetAttributesSetInject,OD,Opened,https://github.com/Thomas-S-B/visualee/pull/8,https://github.com/TestingResearchIllinois/flaky-test-dataset/issues/100
https://github.com/Thomas-S-B/visualee,88732d9dbe5031dad9c9f85a4c4b35e5f1551f95,visualee,de.strullerbaumann.visualee.examiner.cdi.ExaminerInjectTest.testFindEventNamedClass,OD,Opened,https://github.com/Thomas-S-B/visualee/pull/8,https://github.com/TestingResearchIllinois/flaky-test-dataset/issues/100
https://github.com/Thomas-S-B/visualee,88732d9dbe5031dad9c9f85a4c4b35e5f1551f95,visualee,de.strullerbaumann.visualee.examiner.cdi.ExaminerInstanceTest.testFindAndSetAttributesSetInstance,OD,Opened,https://github.com/Thomas-S-B/visualee/pull/8,https://github.com/TestingResearchIllinois/flaky-test-dataset/issues/100
https://github.com/Thomas-S-B/visualee,88732d9dbe5031dad9c9f85a4c4b35e5f1551f95,visualee,de.strullerbaumann.visualee.examiner.cdi.ExaminerInstanceTest.testFindAndSetAttributesSetInstanceGeneric,OD,Opened,https://github.com/Thomas-S-B/visualee/pull/8,https://github.com/TestingResearchIllinois/flaky-test-dataset/issues/100
https://github.com/Thomas-S-B/visualee,88732d9dbe5031dad9c9f85a4c4b35e5f1551f95,visualee,de.strullerbaumann.visualee.examiner.cdi.ExaminerObservesTest.testFindAndSetAttributesObserves,OD,Opened,https://github.com/Thomas-S-B/visualee/pull/8,https://github.com/TestingResearchIllinois/flaky-test-dataset/issues/100
https://github.com/Thomas-S-B/visualee,88732d9dbe5031dad9c9f85a4c4b35e5f1551f95,visualee,de.strullerbaumann.visualee.examiner.cdi.ExaminerObservesTest.testObservesAnnotated,OD,Opened,https://github.com/Thomas-S-B/visualee/pull/8,https://github.com/TestingResearchIllinois/flaky-test-dataset/issues/100
https://github.com/Thomas-S-B/visualee,88732d9dbe5031dad9c9f85a4c4b35e5f1551f95,visualee,de.strullerbaumann.visualee.examiner.cdi.ExaminerObservesTest.testObservesDuring,OD,Opened,https://github.com/Thomas-S-B/visualee/pull/8,https://github.com/TestingResearchIllinois/flaky-test-dataset/issues/100
https://github.com/Thomas-S-B/visualee,88732d9dbe5031dad9c9f85a4c4b35e5f1551f95,visualee,de.strullerbaumann.visualee.examiner.cdi.ExaminerObservesTest.testObservesNotify,OD,Opened,https://github.com/Thomas-S-B/visualee/pull/8,https://github.com/TestingResearchIllinois/flaky-test-dataset/issues/100
https://github.com/Thomas-S-B/visualee,88732d9dbe5031dad9c9f85a4c4b35e5f1551f95,visualee,de.strullerbaumann.visualee.examiner.cdi.ExaminerObservesTest.testObservesWithPhases,OD,Opened,https://github.com/Thomas-S-B/visualee/pull/8,https://github.com/TestingResearchIllinois/flaky-test-dataset/issues/100
https://github.com/Thomas-S-B/visualee,88732d9dbe5031dad9c9f85a4c4b35e5f1551f95,visualee,de.strullerbaumann.visualee.examiner.cdi.ExaminerProducesTest.testFindAndSetAttributesProduces,OD,Opened,https://github.com/Thomas-S-B/visualee/pull/8,https://github.com/TestingResearchIllinois/flaky-test-dataset/issues/100
https://github.com/Thomas-S-B/visualee,88732d9dbe5031dad9c9f85a4c4b35e5f1551f95,visualee,de.strullerbaumann.visualee.examiner.cdi.ExaminerProducesTest.testFindAndSetAttributesStaticProduces,OD,Opened,https://github.com/Thomas-S-B/visualee/pull/8,https://github.com/TestingResearchIllinois/flaky-test-dataset/issues/100
https://github.com/Thomas-S-B/visualee,88732d9dbe5031dad9c9f85a4c4b35e5f1551f95,visualee,de.strullerbaumann.visualee.examiner.cdi.ExaminerResourceTest.testFindAndSetAttributesResource,OD,Opened,https://github.com/Thomas-S-B/visualee/pull/8,https://github.com/TestingResearchIllinois/flaky-test-dataset/issues/100
https://github.com/Thomas-S-B/visualee,88732d9dbe5031dad9c9f85a4c4b35e5f1551f95,visualee,de.strullerbaumann.visualee.examiner.cdi.ExaminerResourceTest.testFindAndSetAttributesResourceInstance,OD,Opened,https://github.com/Thomas-S-B/visualee/pull/8,https://github.com/TestingResearchIllinois/flaky-test-dataset/issues/100
https://github.com/Thomas-S-B/visualee,88732d9dbe5031dad9c9f85a4c4b35e5f1551f95,visualee,de.strullerbaumann.visualee.examiner.cdi.ExaminerResourceTest.testFindAndSetAttributesResourceMappedName,OD,Opened,https://github.com/Thomas-S-B/visualee/pull/8,https://github.com/TestingResearchIllinois/flaky-test-dataset/issues/100
https://github.com/Thomas-S-B/visualee,88732d9dbe5031dad9c9f85a4c4b35e5f1551f95,visualee,de.strullerbaumann.visualee.examiner.JavaSourceInspectorTest.testFindAndSetAttributesIgnoreCommentBlocks,OD,Opened,https://github.com/Thomas-S-B/visualee/pull/8,https://github.com/TestingResearchIllinois/flaky-test-dataset/issues/100
https://github.com/Thomas-S-B/visualee,88732d9dbe5031dad9c9f85a4c4b35e5f1551f95,visualee,de.strullerbaumann.visualee.examiner.JavaSourceInspectorTest.testFindAndSetAttributesIgnoreComments,OD,Opened,https://github.com/Thomas-S-B/visualee/pull/8,https://github.com/TestingResearchIllinois/flaky-test-dataset/issues/100
https://github.com/Thomas-S-B/visualee,88732d9dbe5031dad9c9f85a4c4b35e5f1551f95,visualee,de.strullerbaumann.visualee.examiner.JavaSourceInspectorTest.testSetGroupNrs,OD,Opened,https://github.com/Thomas-S-B/visualee/pull/8,https://github.com/TestingResearchIllinois/flaky-test-dataset/issues/100
https://github.com/Thomas-S-B/visualee,88732d9dbe5031dad9c9f85a4c4b35e5f1551f95,visualee,de.strullerbaumann.visualee.examiner.jpa.JPAExaminerTest.testFindAndSetAttributesIgnoreCommentBlocks,OD,Opened,https://github.com/Thomas-S-B/visualee/pull/8,https://github.com/TestingResearchIllinois/flaky-test-dataset/issues/100
https://github.com/Thomas-S-B/visualee,88732d9dbe5031dad9c9f85a4c4b35e5f1551f95,visualee,de.strullerbaumann.visualee.examiner.jpa.JPAExaminerTest.testFindAndSetAttributesIgnoreComments,OD,Opened,https://github.com/Thomas-S-B/visualee/pull/8,https://github.com/TestingResearchIllinois/flaky-test-dataset/issues/100
https://github.com/Thomas-S-B/visualee,88732d9dbe5031dad9c9f85a4c4b35e5f1551f95,visualee,de.strullerbaumann.visualee.examiner.jpa.JPAExaminerTest.testFindAndSetAttributesManyToMany,OD,Opened,https://github.com/Thomas-S-B/visualee/pull/8,https://github.com/TestingResearchIllinois/flaky-test-dataset/issues/100
https://github.com/Thomas-S-B/visualee,88732d9dbe5031dad9c9f85a4c4b35e5f1551f95,visualee,de.strullerbaumann.visualee.examiner.jpa.JPAExaminerTest.testFindAndSetAttributesManyToOne,OD,Opened,https://github.com/Thomas-S-B/visualee/pull/8,https://github.com/TestingResearchIllinois/flaky-test-dataset/issues/100
https://github.com/Thomas-S-B/visualee,88732d9dbe5031dad9c9f85a4c4b35e5f1551f95,visualee,de.strullerbaumann.visualee.filter.boundary.FilterContainerTest.testIsOkExcludeFalse,OD,Opened,https://github.com/Thomas-S-B/visualee/pull/8,https://github.com/TestingResearchIllinois/flaky-test-dataset/issues/100
https://github.com/Thomas-S-B/visualee,88732d9dbe5031dad9c9f85a4c4b35e5f1551f95,visualee,de.strullerbaumann.visualee.filter.boundary.FilterContainerTest.testIsOkIncludeTrue,OD,Opened,https://github.com/Thomas-S-B/visualee/pull/8,https://github.com/TestingResearchIllinois/flaky-test-dataset/issues/100
https://github.com/Thomas-S-B/visualee,88732d9dbe5031dad9c9f85a4c4b35e5f1551f95,visualee,de.strullerbaumann.visualee.filter.entity.ClassFilterTest.testIsOkExcludeFalse,OD,Opened,https://github.com/Thomas-S-B/visualee/pull/8,https://github.com/TestingResearchIllinois/flaky-test-dataset/issues/100
https://github.com/Thomas-S-B/visualee,88732d9dbe5031dad9c9f85a4c4b35e5f1551f95,visualee,de.strullerbaumann.visualee.filter.entity.ClassFilterTest.testIsOkIncludeTrue,OD,Opened,https://github.com/Thomas-S-B/visualee/pull/8,https://github.com/TestingResearchIllinois/flaky-test-dataset/issues/100
https://github.com/Thomas-S-B/visualee,88732d9dbe5031dad9c9f85a4c4b35e5f1551f95,visualee,de.strullerbaumann.visualee.filter.entity.PackageFilterTest.testIsOkExcludeFalse,OD,Opened,https://github.com/Thomas-S-B/visualee/pull/8,https://github.com/TestingResearchIllinois/flaky-test-dataset/issues/100
https://github.com/Thomas-S-B/visualee,88732d9dbe5031dad9c9f85a4c4b35e5f1551f95,visualee,de.strullerbaumann.visualee.filter.entity.PackageFilterTest.testIsOkIncludeTrue,OD,Opened,https://github.com/Thomas-S-B/visualee/pull/8,https://github.com/TestingResearchIllinois/flaky-test-dataset/issues/100
https://github.com/Thomas-S-B/visualee,88732d9dbe5031dad9c9f85a4c4b35e5f1551f95,visualee,de.strullerbaumann.visualee.filter.entity.SourcecodeFilterTest.testIsOkExcludeFalse,OD,Opened,https://github.com/Thomas-S-B/visualee/pull/8,https://github.com/TestingResearchIllinois/flaky-test-dataset/issues/100
https://github.com/Thomas-S-B/visualee,88732d9dbe5031dad9c9f85a4c4b35e5f1551f95,visualee,de.strullerbaumann.visualee.filter.entity.SourcecodeFilterTest.testIsOkIncludeTrue,OD,Opened,https://github.com/Thomas-S-B/visualee/pull/8,https://github.com/TestingResearchIllinois/flaky-test-dataset/issues/100
https://github.com/Thomas-S-B/visualee,88732d9dbe5031dad9c9f85a4c4b35e5f1551f95,visualee,de.strullerbaumann.visualee.source.boundary.JavaSourceContainerTest.testAddJavaSourceDoublette,OD,Opened,https://github.com/Thomas-S-B/visualee/pull/8,https://github.com/TestingResearchIllinois/flaky-test-dataset/issues/100
https://github.com/Thomas-S-B/visualee,88732d9dbe5031dad9c9f85a4c4b35e5f1551f95,visualee,de.strullerbaumann.visualee.source.boundary.JavaSourceContainerTest.testGetJavaSourceByName,OD,Opened,https://github.com/Thomas-S-B/visualee/pull/8,https://github.com/TestingResearchIllinois/flaky-test-dataset/issues/100
https://github.com/Thomas-S-B/visualee,88732d9dbe5031dad9c9f85a4c4b35e5f1551f95,visualee,de.strullerbaumann.visualee.source.entity.JavaSourceTest.testGetDependenciesOfType,OD,Opened,https://github.com/Thomas-S-B/visualee/pull/8,https://github.com/TestingResearchIllinois/flaky-test-dataset/issues/100
https://github.com/Thomas-S-B/visualee,88732d9dbe5031dad9c9f85a4c4b35e5f1551f95,visualee,de.strullerbaumann.visualee.ui.graph.boundary.GraphCreatorTest.testBuildJSONLinks,OD,Opened,https://github.com/Thomas-S-B/visualee/pull/8,https://github.com/TestingResearchIllinois/flaky-test-dataset/issues/100
https://github.com/Thomas-S-B/visualee,88732d9dbe5031dad9c9f85a4c4b35e5f1551f95,visualee,de.strullerbaumann.visualee.ui.graph.boundary.GraphCreatorTest.testBuildJSONNode,OD,Opened,https://github.com/Thomas-S-B/visualee/pull/8,https://github.com/TestingResearchIllinois/flaky-test-dataset/issues/100
https://github.com/Thomas-S-B/visualee,88732d9dbe5031dad9c9f85a4c4b35e5f1551f95,visualee,de.strullerbaumann.visualee.ui.graph.boundary.GraphCreatorTest.testBuildJSONNodes,OD,Opened,https://github.com/Thomas-S-B/visualee/pull/8,https://github.com/TestingResearchIllinois/flaky-test-dataset/issues/100
https://github.com/Thomas-S-B/visualee,88732d9dbe5031dad9c9f85a4c4b35e5f1551f95,visualee,de.strullerbaumann.visualee.ui.graph.control.DescriptionTest.testGenerateDescription,OD,Opened,https://github.com/Thomas-S-B/visualee/pull/8,https://github.com/TestingResearchIllinois/flaky-test-dataset/issues/100
https://github.com/Thomas-S-B/visualee,88732d9dbe5031dad9c9f85a4c4b35e5f1551f95,visualee,de.strullerbaumann.visualee.ui.graph.control.DescriptionTest.testGenerateDescription2,OD,Opened,https://github.com/Thomas-S-B/visualee/pull/8,https://github.com/TestingResearchIllinois/flaky-test-dataset/issues/100
https://github.com/vaadin/flow,26aacd3cdf51c7e0a18ae21318d366ce7f91be8a,flow-data,com.vaadin.flow.data.validator.BeanValidatorTest.testInvalidDecimalsFailsInFrench,OD,Accepted,https://github.com/vaadin/flow/pull/9524,https://github.com/TestingResearchIllinois/flaky-test-dataset/issues/41
https://github.com/vert-x3/vertx-mqtt,c8213e0f41150a1a02f4ad1185762494b52c6350,.,io.vertx.mqtt.test.server.MqttServerClientIdentifierTest.testValidClientIdentifier,OD,Opened,https://github.com/vert-x3/vertx-mqtt/pull/253,
https://github.com/vert-x3/vertx-mqtt,c8213e0f41150a1a02f4ad1185762494b52c6350,.,io.vertx.mqtt.test.server.MqttServerClientPublishTest.publishQos0,OD,Opened,https://github.com/vert-x3/vertx-mqtt/pull/253,
https://github.com/vert-x3/vertx-mqtt,c8213e0f41150a1a02f4ad1185762494b52c6350,.,io.vertx.mqtt.test.server.MqttServerConnectionTest.accepted,OD,Opened,https://github.com/vert-x3/vertx-mqtt/pull/253,
https://github.com/vert-x3/vertx-mqtt,c8213e0f41150a1a02f4ad1185762494b52c6350,.,io.vertx.mqtt.test.server.MqttServerConnectionTest.connectionAlreadyAccepted,OD,Opened,https://github.com/vert-x3/vertx-mqtt/pull/253,
https://github.com/vert-x3/vertx-mqtt,c8213e0f41150a1a02f4ad1185762494b52c6350,.,io.vertx.mqtt.test.server.MqttServerConnectionTest.noConnectSent,OD,Opened,https://github.com/vert-x3/vertx-mqtt/pull/253,
https://github.com/vert-x3/vertx-mqtt,c8213e0f41150a1a02f4ad1185762494b52c6350,.,io.vertx.mqtt.test.server.MqttServerUnsubscribeTest.unsubscribe,OD,Opened,https://github.com/vert-x3/vertx-mqtt/pull/253,
https://github.com/yangfuhai/jboot,4bffb4dff4ce5190917491a1b68f79efbfe99650,.,io.jboot.test.cache.caffeine.CaffeineTester.testDue,OD,Accepted,https://github.com/yangfuhai/jboot/pull/117,https://github.com/TestingResearchIllinois/flaky-test-dataset/issues/88
https://github.com/yangfuhai/jboot,4bffb4dff4ce5190917491a1b68f79efbfe99650,.,io.jboot.test.cache.caffeine.CaffeineTester.testGet,OD,Accepted,https://github.com/yangfuhai/jboot/pull/117,https://github.com/TestingResearchIllinois/flaky-test-dataset/issues/88
https://github.com/yangfuhai/jboot,4bffb4dff4ce5190917491a1b68f79efbfe99650,.,io.jboot.test.cache.caffeine.CaffeineTester.testPut,OD,Accepted,https://github.com/yangfuhai/jboot/pull/117,https://github.com/TestingResearchIllinois/flaky-test-dataset/issues/88
https://github.com/yangfuhai/jboot,4bffb4dff4ce5190917491a1b68f79efbfe99650,.,io.jboot.test.cache.caffeine.CaffeineTester.testTtl,OD,Accepted,https://github.com/yangfuhai/jboot/pull/117,https://github.com/TestingResearchIllinois/flaky-test-dataset/issues/88
https://github.com/yangfuhai/jboot,4bffb4dff4ce5190917491a1b68f79efbfe99650,.,io.jboot.test.cache.ehcache.EhCacheTester.testGet,OD,Accepted,https://github.com/yangfuhai/jboot/pull/117,https://github.com/TestingResearchIllinois/flaky-test-dataset/issues/88
https://github.com/yangfuhai/jboot,4bffb4dff4ce5190917491a1b68f79efbfe99650,.,io.jboot.test.cache.ehcache.EhCacheTester.testPut,OD,Accepted,https://github.com/yangfuhai/jboot/pull/117,https://github.com/TestingResearchIllinois/flaky-test-dataset/issues/88
https://github.com/yangfuhai/jboot,4bffb4dff4ce5190917491a1b68f79efbfe99650,.,io.jboot.test.cache.j2cache.J2CacheTester.testGet,OD,Opened,https://github.com/yangfuhai/jboot/pull/97,https://github.com/TestingResearchIllinois/flaky-test-dataset/issues/88
https://github.com/yangfuhai/jboot,4bffb4dff4ce5190917491a1b68f79efbfe99650,.,io.jboot.test.cache.j2cache.J2CacheTester.testPut,OD,Opened,https://github.com/yangfuhai/jboot/pull/97,https://github.com/TestingResearchIllinois/flaky-test-dataset/issues/88
https://github.com/yangfuhai/jboot,4bffb4dff4ce5190917491a1b68f79efbfe99650,.,io.jboot.test.cache.redis.RedisCacheTester.testCacheType,OD,Opened,https://github.com/yangfuhai/jboot/pull/97,https://github.com/TestingResearchIllinois/flaky-test-dataset/issues/88
https://github.com/yangfuhai/jboot,4bffb4dff4ce5190917491a1b68f79efbfe99650,.,io.jboot.test.cache.redis.RedisCacheTester.testGet,OD,Opened,https://github.com/yangfuhai/jboot/pull/97,https://github.com/TestingResearchIllinois/flaky-test-dataset/issues/88
https://github.com/yangfuhai/jboot,4bffb4dff4ce5190917491a1b68f79efbfe99650,.,io.jboot.test.cache.redis.RedisCacheTester.testPut,OD,Opened,https://github.com/yangfuhai/jboot/pull/97,https://github.com/TestingResearchIllinois/flaky-test-dataset/issues/88
